Timestamp,Alarm_Code,Description,Machine_State
2026-02-02 08:00:05,INF_100,Cycle Started,Auto
2026-02-02 08:00:15,INF_101,Pallet Detected PX_101,Auto
2026-02-02 08:00:25,INF_105,Vacuum Engaged SOL_401,Auto
2026-02-02 08:00:33,INF_110,Pallet Lifted,Auto
2026-02-02 08:00:38,INF_120,Cycle Complete,Auto
2026-02-02 08:00:44,INF_100,Cycle Started,Auto
2026-02-02 08:00:55,INF_101,Pallet Detected PX_101,Auto
2026-02-02 08:01:08,INF_105,Vacuum Engaged SOL_401,Auto
2026-02-02 08:01:15,INF_110,Pallet Lifted,Auto
2026-02-02 08:01:24,INF_120,Cycle Complete,Auto
2026-02-02 08:01:37,INF_100,Cycle Started,Auto
2026-02-02 08:01:42,INF_101,Pallet Detected PX_101,Auto
2026-02-02 08:01:52,INF_105,Vacuum Engaged SOL_401,Auto
2026-02-02 08:01:57,INF_110,Pallet Lifted,Auto
2026-02-02 08:02:09,INF_120,Cycle Complete,Auto
2026-02-02 08:02:20,INF_100,Cycle Started,Auto
2026-02-02 08:02:26,INF_101,Pallet Detected PX_101,Auto
2026-02-02 08:02:41,INF_105,Vacuum Engaged SOL_401,Auto
2026-02-02 08:02:54,INF_110,Pallet Lifted,Auto
2026-02-02 08:03:04,INF_120,Cycle Complete,Auto
2026-02-02 08:03:19,INF_100,Cycle Started,Auto
2026-02-02 08:03:32,INF_101,Pallet Detected PX_101,Auto
2026-02-02 08:03:46,INF_105,Vacuum Engaged SOL_401,Auto
2026-02-02 08:03:58,INF_110,Pallet Lifted,Auto
2026-02-02 08:04:11,INF_120,Cycle Complete,Auto
2026-02-02 08:04:26,INF_100,Cycle Started,Auto
2026-02-02 08:04:41,INF_101,Pallet Detected PX_101,Auto
2026-02-02 08:04:51,INF_105,Vacuum Engaged SOL_401,Auto
2026-02-02 08:04:59,INF_110,Pallet Lifted,Auto
2026-02-02 08:05:10,INF_120,Cycle Complete,Auto
2026-02-02 08:05:19,INF_100,Cycle Started,Auto
2026-02-02 08:05:34,INF_101,Pallet Detected PX_101,Auto
2026-02-02 08:05:46,INF_105,Vacuum Engaged SOL_401,Auto
2026-02-02 08:05:58,INF_110,Pallet Lifted,Auto
2026-02-02 08:06:05,INF_120,Cycle Complete,Auto
2026-02-02 08:06:14,INF_100,Cycle Started,Auto
2026-02-02 08:06:24,INF_101,Pallet Detected PX_101,Auto
2026-02-02 08:06:29,INF_105,Vacuum Engaged SOL_401,Auto
2026-02-02 08:06:41,INF_110,Pallet Lifted,Auto
2026-02-02 08:06:49,INF_120,Cycle Complete,Auto
2026-02-02 08:06:56,INF_100,Cycle Started,Auto
2026-02-02 08:07:09,INF_101,Pallet Detected PX_101,Auto
2026-02-02 08:07:23,INF_105,Vacuum Engaged SOL_401,Auto
2026-02-02 08:07:37,INF_110,Pallet Lifted,Auto
2026-02-02 08:07:42,INF_120,Cycle Complete,Auto
2026-02-02 08:07:56,INF_100,Cycle Started,Auto
2026-02-02 08:08:01,INF_101,Pallet Detected PX_101,Auto
2026-02-02 08:08:10,INF_105,Vacuum Engaged SOL_401,Auto
2026-02-02 08:08:18,INF_110,Pallet Lifted,Auto
2026-02-02 08:08:32,INF_120,Cycle Complete,Auto
2026-02-02 08:08:40,INF_100,Cycle Started,Auto
2026-02-02 08:08:54,INF_101,Pallet Detected PX_101,Auto
2026-02-02 08:09:06,ERR_4040,Safety Gate Opened during Cycle,Auto_Error
2026-02-02 08:13:06,INF_200,Fault Reset by Operator,Manual
2026-02-02 08:13:46,INF_100,Cycle Started,Auto
2026-02-02 08:13:52,INF_101,Pallet Detected PX_101,Auto
2026-02-02 08:14:06,INF_105,Vacuum Engaged SOL_401,Auto
2026-02-02 08:14:16,INF_110,Pallet Lifted,Auto
2026-02-02 08:14:30,INF_120,Cycle Complete,Auto
2026-02-02 08:14:39,INF_100,Cycle Started,Auto
2026-02-02 08:14:48,INF_101,Pallet Detected PX_101,Auto
2026-02-02 08:14:59,INF_105,Vacuum Engaged SOL_401,Auto
2026-02-02 08:15:14,INF_110,Pallet Lifted,Auto
2026-02-02 08:15:29,INF_120,Cycle Complete,Auto
2026-02-02 08:15:35,INF_100,Cycle Started,Auto
2026-02-02 08:15:49,INF_101,Pallet Detected PX_101,Auto
2026-02-02 08:16:04,INF_105,Vacuum Engaged SOL_401,Auto
2026-02-02 08:16:19,INF_110,Pallet Lifted,Auto
2026-02-02 08:16:29,INF_120,Cycle Complete,Auto
2026-02-02 08:16:40,ERR_9000,Emergency Stop Triggered,Emergency_Stop
2026-02-02 08:19:40,INF_200,Fault Reset by Operator,Manual
2026-02-02 08:20:16,INF_100,Cycle Started,Auto
2026-02-02 08:20:26,INF_101,Pallet Detected PX_101,Auto
2026-02-02 08:20:38,INF_105,Vacuum Engaged SOL_401,Auto
2026-02-02 08:20:47,INF_110,Pallet Lifted,Auto
2026-02-02 08:20:52,INF_120,Cycle Complete,Auto
2026-02-02 08:21:07,INF_100,Cycle Started,Auto
2026-02-02 08:21:17,INF_101,Pallet Detected PX_101,Auto
2026-02-02 08:21:23,INF_105,Vacuum Engaged SOL_401,Auto
2026-02-02 08:21:35,INF_110,Pallet Lifted,Auto
2026-02-02 08:21:50,INF_120,Cycle Complete,Auto
2026-02-02 08:22:05,INF_100,Cycle Started,Auto
2026-02-02 08:22:18,INF_101,Pallet Detected PX_101,Auto
2026-02-02 08:22:23,INF_105,Vacuum Engaged SOL_401,Auto
2026-02-02 08:22:33,INF_110,Pallet Lifted,Auto
2026-02-02 08:22:46,INF_120,Cycle Complete,Auto
2026-02-02 08:22:51,INF_100,Cycle Started,Auto
2026-02-02 08:23:06,INF_101,Pallet Detected PX_101,Auto
2026-02-02 08:23:11,ERR_9000,Emergency Stop Triggered,Emergency_Stop
2026-02-02 08:27:11,INF_200,Fault Reset by Operator,Manual
2026-02-02 08:27:49,INF_100,Cycle Started,Auto
2026-02-02 08:27:54,INF_101,Pallet Detected PX_101,Auto
2026-02-02 08:27:59,INF_105,Vacuum Engaged SOL_401,Auto
2026-02-02 08:28:09,INF_110,Pallet Lifted,Auto
2026-02-02 08:28:23,INF_120,Cycle Complete,Auto
2026-02-02 08:28:33,INF_100,Cycle Started,Auto
2026-02-02 08:28:43,INF_101,Pallet Detected PX_101,Auto
2026-02-02 08:28:51,INF_105,Vacuum Engaged SOL_401,Auto
2026-02-02 08:29:01,INF_110,Pallet Lifted,Auto
2026-02-02 08:29:14,INF_120,Cycle Complete,Auto
2026-02-02 08:29:24,INF_100,Cycle Started,Auto
2026-02-02 08:29:32,INF_101,Pallet Detected PX_101,Auto
2026-02-02 08:29:38,INF_105,Vacuum Engaged SOL_401,Auto
2026-02-02 08:29:47,INF_110,Pallet Lifted,Auto
2026-02-02 08:30:02,INF_120,Cycle Complete,Auto
2026-02-02 08:30:07,INF_100,Cycle Started,Auto
2026-02-02 08:30:14,INF_101,Pallet Detected PX_101,Auto
2026-02-02 08:30:29,INF_105,Vacuum Engaged SOL_401,Auto
2026-02-02 08:30:44,INF_110,Pallet Lifted,Auto
2026-02-02 08:30:49,INF_120,Cycle Complete,Auto
2026-02-02 08:30:59,INF_100,Cycle Started,Auto
2026-02-02 08:31:04,INF_101,Pallet Detected PX_101,Auto
2026-02-02 08:31:11,INF_105,Vacuum Engaged SOL_401,Auto
2026-02-02 08:31:19,INF_110,Pallet Lifted,Auto
2026-02-02 08:31:32,INF_120,Cycle Complete,Auto
2026-02-02 08:31:40,INF_100,Cycle Started,Auto
2026-02-02 08:31:46,INF_101,Pallet Detected PX_101,Auto
2026-02-02 08:31:55,ERR_4040,Safety Gate Opened during Cycle,Auto_Error
2026-02-02 08:35:55,INF_200,Fault Reset by Operator,Manual
2026-02-02 08:36:31,INF_100,Cycle Started,Auto
2026-02-02 08:36:40,INF_101,Pallet Detected PX_101,Auto
2026-02-02 08:36:48,INF_105,Vacuum Engaged SOL_401,Auto
2026-02-02 08:36:55,INF_110,Pallet Lifted,Auto
2026-02-02 08:37:10,INF_120,Cycle Complete,Auto
2026-02-02 08:37:18,INF_100,Cycle Started,Auto
2026-02-02 08:37:26,INF_101,Pallet Detected PX_101,Auto
2026-02-02 08:37:32,INF_105,Vacuum Engaged SOL_401,Auto
2026-02-02 08:37:41,INF_110,Pallet Lifted,Auto
2026-02-02 08:37:54,INF_120,Cycle Complete,Auto
2026-02-02 08:38:05,INF_100,Cycle Started,Auto
2026-02-02 08:38:19,INF_101,Pallet Detected PX_101,Auto
2026-02-02 08:38:29,INF_105,Vacuum Engaged SOL_401,Auto
2026-02-02 08:38:43,INF_110,Pallet Lifted,Auto
2026-02-02 08:38:57,INF_120,Cycle Complete,Auto
2026-02-02 08:39:08,INF_100,Cycle Started,Auto
2026-02-02 08:39:17,INF_101,Pallet Detected PX_101,Auto
2026-02-02 08:39:28,INF_105,Vacuum Engaged SOL_401,Auto
2026-02-02 08:39:33,INF_110,Pallet Lifted,Auto
2026-02-02 08:39:47,INF_120,Cycle Complete,Auto
2026-02-02 08:39:59,INF_100,Cycle Started,Auto
2026-02-02 08:40:05,INF_101,Pallet Detected PX_101,Auto
2026-02-02 08:40:14,INF_105,Vacuum Engaged SOL_401,Auto
2026-02-02 08:40:21,INF_110,Pallet Lifted,Auto
2026-02-02 08:40:27,INF_120,Cycle Complete,Auto
2026-02-02 08:40:39,INF_100,Cycle Started,Auto
2026-02-02 08:40:50,INF_101,Pallet Detected PX_101,Auto
2026-02-02 08:40:57,INF_105,Vacuum Engaged SOL_401,Auto
2026-02-02 08:41:10,INF_110,Pallet Lifted,Auto
2026-02-02 08:41:15,INF_120,Cycle Complete,Auto
2026-02-02 08:41:25,INF_100,Cycle Started,Auto
2026-02-02 08:41:39,INF_101,Pallet Detected PX_101,Auto
2026-02-02 08:41:49,INF_105,Vacuum Engaged SOL_401,Auto
2026-02-02 08:42:01,INF_110,Pallet Lifted,Auto
2026-02-02 08:42:16,INF_120,Cycle Complete,Auto
2026-02-02 08:42:23,INF_100,Cycle Started,Auto
2026-02-02 08:42:34,INF_101,Pallet Detected PX_101,Auto
2026-02-02 08:42:48,INF_105,Vacuum Engaged SOL_401,Auto
2026-02-02 08:43:00,INF_110,Pallet Lifted,Auto
2026-02-02 08:43:09,INF_120,Cycle Complete,Auto
2026-02-02 08:43:19,INF_100,Cycle Started,Auto
2026-02-02 08:43:28,INF_101,Pallet Detected PX_101,Auto
2026-02-02 08:43:43,INF_105,Vacuum Engaged SOL_401,Auto
2026-02-02 08:43:50,INF_110,Pallet Lifted,Auto
2026-02-02 08:44:02,INF_120,Cycle Complete,Auto
2026-02-02 08:44:09,INF_100,Cycle Started,Auto
2026-02-02 08:44:22,INF_101,Pallet Detected PX_101,Auto
2026-02-02 08:44:29,INF_105,Vacuum Engaged SOL_401,Auto
2026-02-02 08:44:36,INF_110,Pallet Lifted,Auto
2026-02-02 08:44:46,INF_120,Cycle Complete,Auto
2026-02-02 08:44:58,INF_100,Cycle Started,Auto
2026-02-02 08:45:11,INF_101,Pallet Detected PX_101,Auto
2026-02-02 08:45:23,INF_105,Vacuum Engaged SOL_401,Auto
2026-02-02 08:45:31,INF_110,Pallet Lifted,Auto
2026-02-02 08:45:37,INF_120,Cycle Complete,Auto
2026-02-02 08:45:47,INF_100,Cycle Started,Auto
2026-02-02 08:46:00,INF_101,Pallet Detected PX_101,Auto
2026-02-02 08:46:14,INF_105,Vacuum Engaged SOL_401,Auto
2026-02-02 08:46:29,INF_110,Pallet Lifted,Auto
2026-02-02 08:46:41,INF_120,Cycle Complete,Auto
2026-02-02 08:46:47,INF_100,Cycle Started,Auto
2026-02-02 08:46:56,INF_101,Pallet Detected PX_101,Auto
2026-02-02 08:47:02,INF_105,Vacuum Engaged SOL_401,Auto
2026-02-02 08:47:17,INF_110,Pallet Lifted,Auto
2026-02-02 08:47:23,INF_120,Cycle Complete,Auto
2026-02-02 08:47:31,INF_100,Cycle Started,Auto
2026-02-02 08:47:39,INF_101,Pallet Detected PX_101,Auto
2026-02-02 08:47:44,INF_105,Vacuum Engaged SOL_401,Auto
2026-02-02 08:47:55,INF_110,Pallet Lifted,Auto
2026-02-02 08:48:03,INF_120,Cycle Complete,Auto
2026-02-02 08:48:10,INF_100,Cycle Started,Auto
2026-02-02 08:48:25,INF_101,Pallet Detected PX_101,Auto
2026-02-02 08:48:38,INF_105,Vacuum Engaged SOL_401,Auto
2026-02-02 08:48:52,INF_110,Pallet Lifted,Auto
2026-02-02 08:49:02,INF_120,Cycle Complete,Auto
2026-02-02 08:49:10,INF_100,Cycle Started,Auto
2026-02-02 08:49:22,INF_101,Pallet Detected PX_101,Auto
2026-02-02 08:49:35,INF_105,Vacuum Engaged SOL_401,Auto
2026-02-02 08:49:48,INF_110,Pallet Lifted,Auto
2026-02-02 08:49:58,INF_120,Cycle Complete,Auto
2026-02-02 08:50:04,INF_100,Cycle Started,Auto
2026-02-02 08:50:11,INF_101,Pallet Detected PX_101,Auto
2026-02-02 08:50:26,INF_105,Vacuum Engaged SOL_401,Auto
2026-02-02 08:50:41,INF_110,Pallet Lifted,Auto
2026-02-02 08:50:51,INF_120,Cycle Complete,Auto
2026-02-02 08:51:00,INF_100,Cycle Started,Auto
2026-02-02 08:51:14,INF_101,Pallet Detected PX_101,Auto
2026-02-02 08:51:26,INF_105,Vacuum Engaged SOL_401,Auto
2026-02-02 08:51:35,INF_110,Pallet Lifted,Auto
2026-02-02 08:51:47,INF_120,Cycle Complete,Auto
2026-02-02 08:51:56,INF_100,Cycle Started,Auto
2026-02-02 08:52:03,INF_101,Pallet Detected PX_101,Auto
2026-02-02 08:52:13,FLT_2005,Conveyor Motor MTR_405 Overload,Auto_Error
2026-02-02 08:57:13,INF_200,Fault Reset by Operator,Manual
2026-02-02 08:57:50,INF_100,Cycle Started,Auto
2026-02-02 08:58:05,INF_101,Pallet Detected PX_101,Auto
2026-02-02 08:58:17,INF_105,Vacuum Engaged SOL_401,Auto
2026-02-02 08:58:26,INF_110,Pallet Lifted,Auto
2026-02-02 08:58:41,INF_120,Cycle Complete,Auto
2026-02-02 08:58:49,INF_100,Cycle Started,Auto
2026-02-02 08:58:54,INF_101,Pallet Detected PX_101,Auto
2026-02-02 08:59:08,INF_105,Vacuum Engaged SOL_401,Auto
2026-02-02 08:59:15,INF_110,Pallet Lifted,Auto
2026-02-02 08:59:25,INF_120,Cycle Complete,Auto
2026-02-02 08:59:38,INF_100,Cycle Started,Auto
2026-02-02 08:59:52,INF_101,Pallet Detected PX_101,Auto
2026-02-02 09:00:03,INF_105,Vacuum Engaged SOL_401,Auto
2026-02-02 09:00:08,INF_110,Pallet Lifted,Auto
2026-02-02 09:00:14,INF_120,Cycle Complete,Auto
2026-02-02 09:00:22,INF_100,Cycle Started,Auto
2026-02-02 09:00:27,INF_101,Pallet Detected PX_101,Auto
2026-02-02 09:00:36,INF_105,Vacuum Engaged SOL_401,Auto
2026-02-02 09:00:50,INF_110,Pallet Lifted,Auto
2026-02-02 09:01:01,INF_120,Cycle Complete,Auto
2026-02-02 09:01:15,INF_100,Cycle Started,Auto
2026-02-02 09:01:21,INF_101,Pallet Detected PX_101,Auto
2026-02-02 09:01:29,INF_105,Vacuum Engaged SOL_401,Auto
2026-02-02 09:01:35,INF_110,Pallet Lifted,Auto
2026-02-02 09:01:46,INF_120,Cycle Complete,Auto
2026-02-02 09:01:55,INF_100,Cycle Started,Auto
2026-02-02 09:02:02,INF_101,Pallet Detected PX_101,Auto
2026-02-02 09:02:12,INF_105,Vacuum Engaged SOL_401,Auto
2026-02-02 09:02:19,ERR_9000,Emergency Stop Triggered,Emergency_Stop
2026-02-02 09:06:19,INF_200,Fault Reset by Operator,Manual
2026-02-02 09:06:59,INF_100,Cycle Started,Auto
2026-02-02 09:07:10,INF_101,Pallet Detected PX_101,Auto
2026-02-02 09:07:16,INF_105,Vacuum Engaged SOL_401,Auto
2026-02-02 09:07:25,ALM_3021,Vacuum Leak detected at Station 4,Auto_Error
2026-02-02 09:09:25,INF_200,Fault Reset by Operator,Manual
2026-02-02 09:10:03,INF_100,Cycle Started,Auto
2026-02-02 09:10:11,INF_101,Pallet Detected PX_101,Auto
2026-02-02 09:10:25,INF_105,Vacuum Engaged SOL_401,Auto
2026-02-02 09:10:31,INF_110,Pallet Lifted,Auto
2026-02-02 09:10:40,INF_120,Cycle Complete,Auto
2026-02-02 09:10:53,INF_100,Cycle Started,Auto
2026-02-02 09:11:02,INF_101,Pallet Detected PX_101,Auto
2026-02-02 09:11:14,INF_105,Vacuum Engaged SOL_401,Auto
2026-02-02 09:11:26,INF_110,Pallet Lifted,Auto
2026-02-02 09:11:40,INF_120,Cycle Complete,Auto
2026-02-02 09:11:46,INF_100,Cycle Started,Auto
2026-02-02 09:11:52,INF_101,Pallet Detected PX_101,Auto
2026-02-02 09:11:57,INF_105,Vacuum Engaged SOL_401,Auto
2026-02-02 09:12:12,INF_110,Pallet Lifted,Auto
2026-02-02 09:12:19,INF_120,Cycle Complete,Auto
2026-02-02 09:12:31,INF_100,Cycle Started,Auto
2026-02-02 09:12:42,ALM_3021,Vacuum Leak detected at Station 4,Auto_Error
2026-02-02 09:17:42,INF_200,Fault Reset by Operator,Manual
2026-02-02 09:18:17,INF_100,Cycle Started,Auto
2026-02-02 09:18:29,INF_101,Pallet Detected PX_101,Auto
2026-02-02 09:18:40,INF_105,Vacuum Engaged SOL_401,Auto
2026-02-02 09:18:46,INF_110,Pallet Lifted,Auto
2026-02-02 09:18:55,INF_120,Cycle Complete,Auto
2026-02-02 09:19:02,INF_100,Cycle Started,Auto
2026-02-02 09:19:12,INF_101,Pallet Detected PX_101,Auto
2026-02-02 09:19:23,INF_105,Vacuum Engaged SOL_401,Auto
2026-02-02 09:19:30,INF_110,Pallet Lifted,Auto
2026-02-02 09:19:45,INF_120,Cycle Complete,Auto
2026-02-02 09:19:57,INF_100,Cycle Started,Auto
2026-02-02 09:20:08,INF_101,Pallet Detected PX_101,Auto
2026-02-02 09:20:17,INF_105,Vacuum Engaged SOL_401,Auto
2026-02-02 09:20:30,INF_110,Pallet Lifted,Auto
2026-02-02 09:20:42,INF_120,Cycle Complete,Auto
2026-02-02 09:20:49,INF_100,Cycle Started,Auto
2026-02-02 09:20:57,INF_101,Pallet Detected PX_101,Auto
2026-02-02 09:21:09,INF_105,Vacuum Engaged SOL_401,Auto
2026-02-02 09:21:24,INF_110,Pallet Lifted,Auto
2026-02-02 09:21:37,INF_120,Cycle Complete,Auto
2026-02-02 09:21:50,INF_100,Cycle Started,Auto
2026-02-02 09:22:05,INF_101,Pallet Detected PX_101,Auto
2026-02-02 09:22:18,INF_105,Vacuum Engaged SOL_401,Auto
2026-02-02 09:22:32,INF_110,Pallet Lifted,Auto
2026-02-02 09:22:39,INF_120,Cycle Complete,Auto
2026-02-02 09:22:47,INF_100,Cycle Started,Auto
2026-02-02 09:22:57,INF_101,Pallet Detected PX_101,Auto
2026-02-02 09:23:12,INF_105,Vacuum Engaged SOL_401,Auto
2026-02-02 09:23:27,INF_110,Pallet Lifted,Auto
2026-02-02 09:23:40,INF_120,Cycle Complete,Auto
2026-02-02 09:23:51,INF_100,Cycle Started,Auto
2026-02-02 09:23:59,INF_101,Pallet Detected PX_101,Auto
2026-02-02 09:24:05,INF_105,Vacuum Engaged SOL_401,Auto
2026-02-02 09:24:12,INF_110,Pallet Lifted,Auto
2026-02-02 09:24:24,INF_120,Cycle Complete,Auto
2026-02-02 09:24:33,INF_100,Cycle Started,Auto
2026-02-02 09:24:39,INF_101,Pallet Detected PX_101,Auto
2026-02-02 09:24:51,INF_105,Vacuum Engaged SOL_401,Auto
2026-02-02 09:25:00,INF_110,Pallet Lifted,Auto
2026-02-02 09:25:10,INF_120,Cycle Complete,Auto
2026-02-02 09:25:23,INF_100,Cycle Started,Auto
2026-02-02 09:25:38,INF_101,Pallet Detected PX_101,Auto
2026-02-02 09:25:49,INF_105,Vacuum Engaged SOL_401,Auto
2026-02-02 09:25:54,INF_110,Pallet Lifted,Auto
2026-02-02 09:26:02,INF_120,Cycle Complete,Auto
2026-02-02 09:26:11,INF_100,Cycle Started,Auto
2026-02-02 09:26:24,INF_101,Pallet Detected PX_101,Auto
2026-02-02 09:26:37,INF_105,Vacuum Engaged SOL_401,Auto
2026-02-02 09:26:47,INF_110,Pallet Lifted,Auto
2026-02-02 09:26:57,INF_120,Cycle Complete,Auto
2026-02-02 09:27:09,INF_100,Cycle Started,Auto
2026-02-02 09:27:22,INF_101,Pallet Detected PX_101,Auto
2026-02-02 09:27:36,INF_105,Vacuum Engaged SOL_401,Auto
2026-02-02 09:27:51,INF_110,Pallet Lifted,Auto
2026-02-02 09:27:58,INF_120,Cycle Complete,Auto
2026-02-02 09:28:04,INF_100,Cycle Started,Auto
2026-02-02 09:28:13,INF_101,Pallet Detected PX_101,Auto
2026-02-02 09:28:20,INF_105,Vacuum Engaged SOL_401,Auto
2026-02-02 09:28:30,INF_110,Pallet Lifted,Auto
2026-02-02 09:28:40,INF_120,Cycle Complete,Auto
2026-02-02 09:28:49,INF_100,Cycle Started,Auto
2026-02-02 09:28:54,INF_101,Pallet Detected PX_101,Auto
2026-02-02 09:29:03,INF_105,Vacuum Engaged SOL_401,Auto
2026-02-02 09:29:15,INF_110,Pallet Lifted,Auto
2026-02-02 09:29:30,INF_120,Cycle Complete,Auto
2026-02-02 09:29:37,INF_100,Cycle Started,Auto
2026-02-02 09:29:44,INF_101,Pallet Detected PX_101,Auto
2026-02-02 09:29:51,INF_105,Vacuum Engaged SOL_401,Auto
2026-02-02 09:29:59,INF_110,Pallet Lifted,Auto
2026-02-02 09:30:13,INF_120,Cycle Complete,Auto
2026-02-02 09:30:28,INF_100,Cycle Started,Auto
2026-02-02 09:30:42,INF_101,Pallet Detected PX_101,Auto
2026-02-02 09:30:54,INF_105,Vacuum Engaged SOL_401,Auto
2026-02-02 09:31:00,INF_110,Pallet Lifted,Auto
2026-02-02 09:31:07,INF_120,Cycle Complete,Auto
2026-02-02 09:31:17,INF_100,Cycle Started,Auto
2026-02-02 09:31:27,INF_101,Pallet Detected PX_101,Auto
2026-02-02 09:31:34,INF_105,Vacuum Engaged SOL_401,Auto
2026-02-02 09:31:46,INF_110,Pallet Lifted,Auto
2026-02-02 09:31:59,INF_120,Cycle Complete,Auto
2026-02-02 09:32:06,INF_100,Cycle Started,Auto
2026-02-02 09:32:19,INF_101,Pallet Detected PX_101,Auto
2026-02-02 09:32:34,INF_105,Vacuum Engaged SOL_401,Auto
2026-02-02 09:32:39,INF_110,Pallet Lifted,Auto
2026-02-02 09:32:51,INF_120,Cycle Complete,Auto
2026-02-02 09:33:00,INF_100,Cycle Started,Auto
2026-02-02 09:33:06,INF_101,Pallet Detected PX_101,Auto
2026-02-02 09:33:18,INF_105,Vacuum Engaged SOL_401,Auto
2026-02-02 09:33:31,INF_110,Pallet Lifted,Auto
2026-02-02 09:33:38,INF_120,Cycle Complete,Auto
2026-02-02 09:33:49,INF_100,Cycle Started,Auto
2026-02-02 09:33:58,INF_101,Pallet Detected PX_101,Auto
2026-02-02 09:34:10,INF_105,Vacuum Engaged SOL_401,Auto
2026-02-02 09:34:16,INF_110,Pallet Lifted,Auto
2026-02-02 09:34:23,INF_120,Cycle Complete,Auto
2026-02-02 09:34:29,INF_100,Cycle Started,Auto
2026-02-02 09:34:42,INF_101,Pallet Detected PX_101,Auto
2026-02-02 09:34:54,INF_105,Vacuum Engaged SOL_401,Auto
2026-02-02 09:35:01,INF_110,Pallet Lifted,Auto
2026-02-02 09:35:08,INF_120,Cycle Complete,Auto
2026-02-02 09:35:19,INF_100,Cycle Started,Auto
2026-02-02 09:35:24,INF_101,Pallet Detected PX_101,Auto
2026-02-02 09:35:30,INF_105,Vacuum Engaged SOL_401,Auto
2026-02-02 09:35:45,INF_110,Pallet Lifted,Auto
2026-02-02 09:35:56,INF_120,Cycle Complete,Auto
2026-02-02 09:36:09,INF_100,Cycle Started,Auto
2026-02-02 09:36:23,INF_101,Pallet Detected PX_101,Auto
2026-02-02 09:36:30,INF_105,Vacuum Engaged SOL_401,Auto
2026-02-02 09:36:44,INF_110,Pallet Lifted,Auto
2026-02-02 09:36:52,ALM_3021,Vacuum Leak detected at Station 4,Auto_Error
2026-02-02 09:40:52,INF_200,Fault Reset by Operator,Manual
2026-02-02 09:41:32,INF_100,Cycle Started,Auto
2026-02-02 09:41:46,INF_101,Pallet Detected PX_101,Auto
2026-02-02 09:41:52,INF_105,Vacuum Engaged SOL_401,Auto
2026-02-02 09:42:01,INF_110,Pallet Lifted,Auto
2026-02-02 09:42:12,INF_120,Cycle Complete,Auto
2026-02-02 09:42:22,INF_100,Cycle Started,Auto
2026-02-02 09:42:34,INF_101,Pallet Detected PX_101,Auto
2026-02-02 09:42:40,INF_105,Vacuum Engaged SOL_401,Auto
2026-02-02 09:42:53,INF_110,Pallet Lifted,Auto
2026-02-02 09:42:58,INF_120,Cycle Complete,Auto
2026-02-02 09:43:12,INF_100,Cycle Started,Auto
2026-02-02 09:43:21,INF_101,Pallet Detected PX_101,Auto
2026-02-02 09:43:35,INF_105,Vacuum Engaged SOL_401,Auto
2026-02-02 09:43:46,INF_110,Pallet Lifted,Auto
2026-02-02 09:44:00,INF_120,Cycle Complete,Auto
2026-02-02 09:44:08,INF_100,Cycle Started,Auto
2026-02-02 09:44:19,INF_101,Pallet Detected PX_101,Auto
2026-02-02 09:44:33,INF_105,Vacuum Engaged SOL_401,Auto
2026-02-02 09:44:39,INF_110,Pallet Lifted,Auto
2026-02-02 09:44:52,ERR_9000,Emergency Stop Triggered,Emergency_Stop
2026-02-02 09:49:52,INF_200,Fault Reset by Operator,Manual
2026-02-02 09:50:27,INF_100,Cycle Started,Auto
2026-02-02 09:50:37,INF_101,Pallet Detected PX_101,Auto
2026-02-02 09:50:49,INF_105,Vacuum Engaged SOL_401,Auto
2026-02-02 09:50:58,INF_110,Pallet Lifted,Auto
2026-02-02 09:51:11,INF_120,Cycle Complete,Auto
2026-02-02 09:51:16,ALM_3021,Vacuum Leak detected at Station 4,Auto_Error
2026-02-02 09:54:16,INF_200,Fault Reset by Operator,Manual
2026-02-02 09:54:55,ERR_9000,Emergency Stop Triggered,Emergency_Stop
2026-02-02 09:58:55,INF_200,Fault Reset by Operator,Manual
2026-02-02 09:59:32,INF_100,Cycle Started,Auto
2026-02-02 09:59:40,INF_101,Pallet Detected PX_101,Auto
2026-02-02 09:59:50,INF_105,Vacuum Engaged SOL_401,Auto
2026-02-02 09:59:57,FLT_2005,Conveyor Motor MTR_405 Overload,Auto_Error
2026-02-02 10:04:57,INF_200,Fault Reset by Operator,Manual
2026-02-02 10:05:35,INF_100,Cycle Started,Auto
2026-02-02 10:05:40,INF_101,Pallet Detected PX_101,Auto
2026-02-02 10:05:45,INF_105,Vacuum Engaged SOL_401,Auto
2026-02-02 10:05:52,INF_110,Pallet Lifted,Auto
2026-02-02 10:05:57,INF_120,Cycle Complete,Auto
2026-02-02 10:06:08,INF_100,Cycle Started,Auto
2026-02-02 10:06:19,INF_101,Pallet Detected PX_101,Auto
2026-02-02 10:06:29,INF_105,Vacuum Engaged SOL_401,Auto
2026-02-02 10:06:34,INF_110,Pallet Lifted,Auto
2026-02-02 10:06:46,INF_120,Cycle Complete,Auto
2026-02-02 10:06:58,INF_100,Cycle Started,Auto
2026-02-02 10:07:12,INF_101,Pallet Detected PX_101,Auto
2026-02-02 10:07:19,INF_105,Vacuum Engaged SOL_401,Auto
2026-02-02 10:07:30,INF_110,Pallet Lifted,Auto
2026-02-02 10:07:43,INF_120,Cycle Complete,Auto
2026-02-02 10:07:52,INF_100,Cycle Started,Auto
2026-02-02 10:07:59,INF_101,Pallet Detected PX_101,Auto
2026-02-02 10:08:11,INF_105,Vacuum Engaged SOL_401,Auto
2026-02-02 10:08:16,INF_110,Pallet Lifted,Auto
2026-02-02 10:08:30,INF_120,Cycle Complete,Auto
2026-02-02 10:08:41,INF_100,Cycle Started,Auto
2026-02-02 10:08:53,INF_101,Pallet Detected PX_101,Auto
2026-02-02 10:09:00,INF_105,Vacuum Engaged SOL_401,Auto
2026-02-02 10:09:13,INF_110,Pallet Lifted,Auto
2026-02-02 10:09:23,INF_120,Cycle Complete,Auto
2026-02-02 10:09:32,INF_100,Cycle Started,Auto
2026-02-02 10:09:47,INF_101,Pallet Detected PX_101,Auto
2026-02-02 10:09:58,INF_105,Vacuum Engaged SOL_401,Auto
2026-02-02 10:10:06,INF_110,Pallet Lifted,Auto
2026-02-02 10:10:13,INF_120,Cycle Complete,Auto
2026-02-02 10:10:25,INF_100,Cycle Started,Auto
2026-02-02 10:10:35,INF_101,Pallet Detected PX_101,Auto
2026-02-02 10:10:50,INF_105,Vacuum Engaged SOL_401,Auto
2026-02-02 10:11:04,INF_110,Pallet Lifted,Auto
2026-02-02 10:11:17,INF_120,Cycle Complete,Auto
2026-02-02 10:11:26,INF_100,Cycle Started,Auto
2026-02-02 10:11:34,ERR_4040,Safety Gate Opened during Cycle,Auto_Error
2026-02-02 10:15:34,INF_200,Fault Reset by Operator,Manual
2026-02-02 10:16:13,INF_100,Cycle Started,Auto
2026-02-02 10:16:20,INF_101,Pallet Detected PX_101,Auto
2026-02-02 10:16:30,INF_105,Vacuum Engaged SOL_401,Auto
2026-02-02 10:16:38,FLT_2005,Conveyor Motor MTR_405 Overload,Auto_Error
2026-02-02 10:18:38,INF_200,Fault Reset by Operator,Manual
2026-02-02 10:19:19,INF_100,Cycle Started,Auto
2026-02-02 10:19:33,INF_101,Pallet Detected PX_101,Auto
2026-02-02 10:19:45,INF_105,Vacuum Engaged SOL_401,Auto
2026-02-02 10:20:00,INF_110,Pallet Lifted,Auto
2026-02-02 10:20:11,INF_120,Cycle Complete,Auto
2026-02-02 10:20:18,INF_100,Cycle Started,Auto
2026-02-02 10:20:31,INF_101,Pallet Detected PX_101,Auto
2026-02-02 10:20:40,INF_105,Vacuum Engaged SOL_401,Auto
2026-02-02 10:20:53,INF_110,Pallet Lifted,Auto
2026-02-02 10:21:04,ERR_4040,Safety Gate Opened during Cycle,Auto_Error
2026-02-02 10:23:04,INF_200,Fault Reset by Operator,Manual
2026-02-02 10:23:45,INF_100,Cycle Started,Auto
2026-02-02 10:23:52,INF_101,Pallet Detected PX_101,Auto
2026-02-02 10:24:06,INF_105,Vacuum Engaged SOL_401,Auto
2026-02-02 10:24:14,INF_110,Pallet Lifted,Auto
2026-02-02 10:24:19,INF_120,Cycle Complete,Auto
2026-02-02 10:24:34,INF_100,Cycle Started,Auto
2026-02-02 10:24:44,INF_101,Pallet Detected PX_101,Auto
2026-02-02 10:24:50,INF_105,Vacuum Engaged SOL_401,Auto
2026-02-02 10:24:56,INF_110,Pallet Lifted,Auto
2026-02-02 10:25:05,INF_120,Cycle Complete,Auto
2026-02-02 10:25:16,INF_100,Cycle Started,Auto
2026-02-02 10:25:22,INF_101,Pallet Detected PX_101,Auto
2026-02-02 10:25:36,INF_105,Vacuum Engaged SOL_401,Auto
2026-02-02 10:25:43,INF_110,Pallet Lifted,Auto
2026-02-02 10:25:58,INF_120,Cycle Complete,Auto
2026-02-02 10:26:03,INF_100,Cycle Started,Auto
2026-02-02 10:26:08,INF_101,Pallet Detected PX_101,Auto
2026-02-02 10:26:14,INF_105,Vacuum Engaged SOL_401,Auto
2026-02-02 10:26:20,INF_110,Pallet Lifted,Auto
2026-02-02 10:26:27,INF_120,Cycle Complete,Auto
2026-02-02 10:26:34,INF_100,Cycle Started,Auto
2026-02-02 10:26:44,INF_101,Pallet Detected PX_101,Auto
2026-02-02 10:26:54,INF_105,Vacuum Engaged SOL_401,Auto
2026-02-02 10:27:00,INF_110,Pallet Lifted,Auto
2026-02-02 10:27:09,INF_120,Cycle Complete,Auto
2026-02-02 10:27:16,INF_100,Cycle Started,Auto
2026-02-02 10:27:29,INF_101,Pallet Detected PX_101,Auto
2026-02-02 10:27:40,INF_105,Vacuum Engaged SOL_401,Auto
2026-02-02 10:27:46,INF_110,Pallet Lifted,Auto
2026-02-02 10:27:54,INF_120,Cycle Complete,Auto
2026-02-02 10:28:02,INF_100,Cycle Started,Auto
2026-02-02 10:28:14,INF_101,Pallet Detected PX_101,Auto
2026-02-02 10:28:19,INF_105,Vacuum Engaged SOL_401,Auto
2026-02-02 10:28:28,INF_110,Pallet Lifted,Auto
2026-02-02 10:28:42,INF_120,Cycle Complete,Auto
2026-02-02 10:28:48,INF_100,Cycle Started,Auto
2026-02-02 10:29:02,INF_101,Pallet Detected PX_101,Auto
2026-02-02 10:29:17,INF_105,Vacuum Engaged SOL_401,Auto
2026-02-02 10:29:32,INF_110,Pallet Lifted,Auto
2026-02-02 10:29:37,ALM_3021,Vacuum Leak detected at Station 4,Auto_Error
2026-02-02 10:32:37,INF_200,Fault Reset by Operator,Manual
2026-02-02 10:33:18,INF_100,Cycle Started,Auto
2026-02-02 10:33:28,INF_101,Pallet Detected PX_101,Auto
2026-02-02 10:33:42,INF_105,Vacuum Engaged SOL_401,Auto
2026-02-02 10:33:57,INF_110,Pallet Lifted,Auto
2026-02-02 10:34:03,INF_120,Cycle Complete,Auto
2026-02-02 10:34:11,INF_100,Cycle Started,Auto
2026-02-02 10:34:22,INF_101,Pallet Detected PX_101,Auto
2026-02-02 10:34:34,INF_105,Vacuum Engaged SOL_401,Auto
2026-02-02 10:34:48,INF_110,Pallet Lifted,Auto
2026-02-02 10:34:58,INF_120,Cycle Complete,Auto
2026-02-02 10:35:08,INF_100,Cycle Started,Auto
2026-02-02 10:35:17,INF_101,Pallet Detected PX_101,Auto
2026-02-02 10:35:29,INF_105,Vacuum Engaged SOL_401,Auto
2026-02-02 10:35:41,INF_110,Pallet Lifted,Auto
2026-02-02 10:35:54,INF_120,Cycle Complete,Auto
2026-02-02 10:36:06,INF_100,Cycle Started,Auto
2026-02-02 10:36:20,INF_101,Pallet Detected PX_101,Auto
2026-02-02 10:36:27,INF_105,Vacuum Engaged SOL_401,Auto
2026-02-02 10:36:42,INF_110,Pallet Lifted,Auto
2026-02-02 10:36:50,INF_120,Cycle Complete,Auto
2026-02-02 10:37:04,INF_100,Cycle Started,Auto
2026-02-02 10:37:19,INF_101,Pallet Detected PX_101,Auto
2026-02-02 10:37:31,INF_105,Vacuum Engaged SOL_401,Auto
2026-02-02 10:37:44,INF_110,Pallet Lifted,Auto
2026-02-02 10:37:50,ALM_3021,Vacuum Leak detected at Station 4,Auto_Error
2026-02-02 10:39:50,INF_200,Fault Reset by Operator,Manual
2026-02-02 10:40:33,INF_100,Cycle Started,Auto
2026-02-02 10:40:42,INF_101,Pallet Detected PX_101,Auto
2026-02-02 10:40:48,INF_105,Vacuum Engaged SOL_401,Auto
2026-02-02 10:41:03,INF_110,Pallet Lifted,Auto
2026-02-02 10:41:14,INF_120,Cycle Complete,Auto
2026-02-02 10:41:24,INF_100,Cycle Started,Auto
2026-02-02 10:41:37,INF_101,Pallet Detected PX_101,Auto
2026-02-02 10:41:48,INF_105,Vacuum Engaged SOL_401,Auto
2026-02-02 10:42:01,INF_110,Pallet Lifted,Auto
2026-02-02 10:42:13,INF_120,Cycle Complete,Auto
2026-02-02 10:42:20,INF_100,Cycle Started,Auto
2026-02-02 10:42:34,INF_101,Pallet Detected PX_101,Auto
2026-02-02 10:42:40,INF_105,Vacuum Engaged SOL_401,Auto
2026-02-02 10:42:53,INF_110,Pallet Lifted,Auto
2026-02-02 10:42:58,INF_120,Cycle Complete,Auto
2026-02-02 10:43:04,INF_100,Cycle Started,Auto
2026-02-02 10:43:10,INF_101,Pallet Detected PX_101,Auto
2026-02-02 10:43:19,INF_105,Vacuum Engaged SOL_401,Auto
2026-02-02 10:43:25,INF_110,Pallet Lifted,Auto
2026-02-02 10:43:32,INF_120,Cycle Complete,Auto
2026-02-02 10:43:45,INF_100,Cycle Started,Auto
2026-02-02 10:43:58,FLT_2005,Conveyor Motor MTR_405 Overload,Auto_Error
2026-02-02 10:48:58,INF_200,Fault Reset by Operator,Manual
2026-02-02 10:49:37,INF_100,Cycle Started,Auto
2026-02-02 10:49:47,INF_101,Pallet Detected PX_101,Auto
2026-02-02 10:49:56,INF_105,Vacuum Engaged SOL_401,Auto
2026-02-02 10:50:09,INF_110,Pallet Lifted,Auto
2026-02-02 10:50:22,INF_120,Cycle Complete,Auto
2026-02-02 10:50:29,INF_100,Cycle Started,Auto
2026-02-02 10:50:39,INF_101,Pallet Detected PX_101,Auto
2026-02-02 10:50:52,INF_105,Vacuum Engaged SOL_401,Auto
2026-02-02 10:50:59,INF_110,Pallet Lifted,Auto
2026-02-02 10:51:14,ERR_9000,Emergency Stop Triggered,Emergency_Stop
2026-02-02 10:55:14,INF_200,Fault Reset by Operator,Manual
2026-02-02 10:55:55,INF_100,Cycle Started,Auto
2026-02-02 10:56:02,INF_101,Pallet Detected PX_101,Auto
2026-02-02 10:56:15,INF_105,Vacuum Engaged SOL_401,Auto
2026-02-02 10:56:24,INF_110,Pallet Lifted,Auto
2026-02-02 10:56:36,INF_120,Cycle Complete,Auto
2026-02-02 10:56:48,INF_100,Cycle Started,Auto
2026-02-02 10:57:02,INF_101,Pallet Detected PX_101,Auto
2026-02-02 10:57:17,INF_105,Vacuum Engaged SOL_401,Auto
2026-02-02 10:57:32,INF_110,Pallet Lifted,Auto
2026-02-02 10:57:45,INF_120,Cycle Complete,Auto
2026-02-02 10:57:55,INF_100,Cycle Started,Auto
2026-02-02 10:58:04,INF_101,Pallet Detected PX_101,Auto
2026-02-02 10:58:11,INF_105,Vacuum Engaged SOL_401,Auto
2026-02-02 10:58:18,INF_110,Pallet Lifted,Auto
2026-02-02 10:58:26,INF_120,Cycle Complete,Auto
2026-02-02 10:58:38,INF_100,Cycle Started,Auto
2026-02-02 10:58:53,INF_101,Pallet Detected PX_101,Auto
2026-02-02 10:59:02,INF_105,Vacuum Engaged SOL_401,Auto
2026-02-02 10:59:10,INF_110,Pallet Lifted,Auto
2026-02-02 10:59:17,INF_120,Cycle Complete,Auto
2026-02-02 10:59:29,INF_100,Cycle Started,Auto
2026-02-02 10:59:41,INF_101,Pallet Detected PX_101,Auto
2026-02-02 10:59:53,INF_105,Vacuum Engaged SOL_401,Auto
2026-02-02 11:00:06,INF_110,Pallet Lifted,Auto
2026-02-02 11:00:17,INF_120,Cycle Complete,Auto
2026-02-02 11:00:27,INF_100,Cycle Started,Auto
2026-02-02 11:00:32,INF_101,Pallet Detected PX_101,Auto
2026-02-02 11:00:39,INF_105,Vacuum Engaged SOL_401,Auto
2026-02-02 11:00:45,INF_110,Pallet Lifted,Auto
2026-02-02 11:00:57,INF_120,Cycle Complete,Auto
2026-02-02 11:01:10,INF_100,Cycle Started,Auto
2026-02-02 11:01:16,INF_101,Pallet Detected PX_101,Auto
2026-02-02 11:01:29,INF_105,Vacuum Engaged SOL_401,Auto
2026-02-02 11:01:43,INF_110,Pallet Lifted,Auto
2026-02-02 11:01:53,INF_120,Cycle Complete,Auto
2026-02-02 11:02:05,INF_100,Cycle Started,Auto
2026-02-02 11:02:14,INF_101,Pallet Detected PX_101,Auto
2026-02-02 11:02:20,INF_105,Vacuum Engaged SOL_401,Auto
2026-02-02 11:02:28,INF_110,Pallet Lifted,Auto
2026-02-02 11:02:40,INF_120,Cycle Complete,Auto
2026-02-02 11:02:53,INF_100,Cycle Started,Auto
2026-02-02 11:03:00,INF_101,Pallet Detected PX_101,Auto
2026-02-02 11:03:06,INF_105,Vacuum Engaged SOL_401,Auto
2026-02-02 11:03:21,INF_110,Pallet Lifted,Auto
2026-02-02 11:03:26,INF_120,Cycle Complete,Auto
2026-02-02 11:03:33,INF_100,Cycle Started,Auto
2026-02-02 11:03:48,INF_101,Pallet Detected PX_101,Auto
2026-02-02 11:04:01,INF_105,Vacuum Engaged SOL_401,Auto
2026-02-02 11:04:06,INF_110,Pallet Lifted,Auto
2026-02-02 11:04:16,INF_120,Cycle Complete,Auto
2026-02-02 11:04:29,INF_100,Cycle Started,Auto
2026-02-02 11:04:36,INF_101,Pallet Detected PX_101,Auto
2026-02-02 11:04:50,INF_105,Vacuum Engaged SOL_401,Auto
2026-02-02 11:04:56,INF_110,Pallet Lifted,Auto
2026-02-02 11:05:09,INF_120,Cycle Complete,Auto
2026-02-02 11:05:14,INF_100,Cycle Started,Auto
2026-02-02 11:05:29,INF_101,Pallet Detected PX_101,Auto
2026-02-02 11:05:39,INF_105,Vacuum Engaged SOL_401,Auto
2026-02-02 11:05:53,INF_110,Pallet Lifted,Auto
2026-02-02 11:06:08,INF_120,Cycle Complete,Auto
2026-02-02 11:06:14,INF_100,Cycle Started,Auto
2026-02-02 11:06:29,INF_101,Pallet Detected PX_101,Auto
2026-02-02 11:06:44,INF_105,Vacuum Engaged SOL_401,Auto
2026-02-02 11:06:58,INF_110,Pallet Lifted,Auto
2026-02-02 11:07:12,INF_120,Cycle Complete,Auto
2026-02-02 11:07:20,INF_100,Cycle Started,Auto
2026-02-02 11:07:30,INF_101,Pallet Detected PX_101,Auto
2026-02-02 11:07:35,INF_105,Vacuum Engaged SOL_401,Auto
2026-02-02 11:07:40,INF_110,Pallet Lifted,Auto
2026-02-02 11:07:53,INF_120,Cycle Complete,Auto
2026-02-02 11:08:08,INF_100,Cycle Started,Auto
2026-02-02 11:08:19,INF_101,Pallet Detected PX_101,Auto
2026-02-02 11:08:28,INF_105,Vacuum Engaged SOL_401,Auto
2026-02-02 11:08:40,INF_110,Pallet Lifted,Auto
2026-02-02 11:08:47,INF_120,Cycle Complete,Auto
2026-02-02 11:08:57,INF_100,Cycle Started,Auto
2026-02-02 11:09:02,INF_101,Pallet Detected PX_101,Auto
2026-02-02 11:09:13,INF_105,Vacuum Engaged SOL_401,Auto
2026-02-02 11:09:28,INF_110,Pallet Lifted,Auto
2026-02-02 11:09:33,INF_120,Cycle Complete,Auto
2026-02-02 11:09:42,INF_100,Cycle Started,Auto
2026-02-02 11:09:47,INF_101,Pallet Detected PX_101,Auto
2026-02-02 11:10:00,INF_105,Vacuum Engaged SOL_401,Auto
2026-02-02 11:10:09,INF_110,Pallet Lifted,Auto
2026-02-02 11:10:15,INF_120,Cycle Complete,Auto
2026-02-02 11:10:20,INF_100,Cycle Started,Auto
2026-02-02 11:10:32,INF_101,Pallet Detected PX_101,Auto
2026-02-02 11:10:44,INF_105,Vacuum Engaged SOL_401,Auto
2026-02-02 11:10:57,INF_110,Pallet Lifted,Auto
2026-02-02 11:11:12,INF_120,Cycle Complete,Auto
2026-02-02 11:11:24,INF_100,Cycle Started,Auto
2026-02-02 11:11:33,INF_101,Pallet Detected PX_101,Auto
2026-02-02 11:11:45,INF_105,Vacuum Engaged SOL_401,Auto
2026-02-02 11:11:55,INF_110,Pallet Lifted,Auto
2026-02-02 11:12:02,INF_120,Cycle Complete,Auto
2026-02-02 11:12:16,INF_100,Cycle Started,Auto
2026-02-02 11:12:30,INF_101,Pallet Detected PX_101,Auto
2026-02-02 11:12:43,INF_105,Vacuum Engaged SOL_401,Auto
2026-02-02 11:12:53,INF_110,Pallet Lifted,Auto
2026-02-02 11:12:59,INF_120,Cycle Complete,Auto
2026-02-02 11:13:12,INF_100,Cycle Started,Auto
2026-02-02 11:13:21,INF_101,Pallet Detected PX_101,Auto
2026-02-02 11:13:33,INF_105,Vacuum Engaged SOL_401,Auto
2026-02-02 11:13:44,INF_110,Pallet Lifted,Auto
2026-02-02 11:13:55,INF_120,Cycle Complete,Auto
2026-02-02 11:14:01,INF_100,Cycle Started,Auto
2026-02-02 11:14:14,INF_101,Pallet Detected PX_101,Auto
2026-02-02 11:14:19,INF_105,Vacuum Engaged SOL_401,Auto
2026-02-02 11:14:29,INF_110,Pallet Lifted,Auto
2026-02-02 11:14:41,INF_120,Cycle Complete,Auto
2026-02-02 11:14:50,INF_100,Cycle Started,Auto
2026-02-02 11:14:58,INF_101,Pallet Detected PX_101,Auto
2026-02-02 11:15:09,INF_105,Vacuum Engaged SOL_401,Auto
2026-02-02 11:15:17,INF_110,Pallet Lifted,Auto
2026-02-02 11:15:23,INF_120,Cycle Complete,Auto
2026-02-02 11:15:30,INF_100,Cycle Started,Auto
2026-02-02 11:15:39,INF_101,Pallet Detected PX_101,Auto
2026-02-02 11:15:44,INF_105,Vacuum Engaged SOL_401,Auto
2026-02-02 11:15:49,INF_110,Pallet Lifted,Auto
2026-02-02 11:16:04,INF_120,Cycle Complete,Auto
2026-02-02 11:16:14,INF_100,Cycle Started,Auto
2026-02-02 11:16:29,ERR_9000,Emergency Stop Triggered,Emergency_Stop
2026-02-02 11:19:29,INF_200,Fault Reset by Operator,Manual
2026-02-02 11:20:04,INF_100,Cycle Started,Auto
2026-02-02 11:20:14,INF_101,Pallet Detected PX_101,Auto
2026-02-02 11:20:23,INF_105,Vacuum Engaged SOL_401,Auto
2026-02-02 11:20:33,INF_110,Pallet Lifted,Auto
2026-02-02 11:20:46,INF_120,Cycle Complete,Auto
2026-02-02 11:20:51,INF_100,Cycle Started,Auto
2026-02-02 11:21:00,INF_101,Pallet Detected PX_101,Auto
2026-02-02 11:21:09,INF_105,Vacuum Engaged SOL_401,Auto
2026-02-02 11:21:20,INF_110,Pallet Lifted,Auto
2026-02-02 11:21:29,ALM_3021,Vacuum Leak detected at Station 4,Auto_Error
2026-02-02 11:26:29,INF_200,Fault Reset by Operator,Manual
2026-02-02 11:27:13,INF_100,Cycle Started,Auto
2026-02-02 11:27:18,INF_101,Pallet Detected PX_101,Auto
2026-02-02 11:27:27,INF_105,Vacuum Engaged SOL_401,Auto
2026-02-02 11:27:42,INF_110,Pallet Lifted,Auto
2026-02-02 11:27:54,INF_120,Cycle Complete,Auto
2026-02-02 11:27:59,INF_100,Cycle Started,Auto
2026-02-02 11:28:11,INF_101,Pallet Detected PX_101,Auto
2026-02-02 11:28:17,INF_105,Vacuum Engaged SOL_401,Auto
2026-02-02 11:28:22,INF_110,Pallet Lifted,Auto
2026-02-02 11:28:34,ERR_4040,Safety Gate Opened during Cycle,Auto_Error
2026-02-02 11:32:34,INF_200,Fault Reset by Operator,Manual
2026-02-02 11:33:15,INF_100,Cycle Started,Auto
2026-02-02 11:33:29,INF_101,Pallet Detected PX_101,Auto
2026-02-02 11:33:44,INF_105,Vacuum Engaged SOL_401,Auto
2026-02-02 11:33:52,INF_110,Pallet Lifted,Auto
2026-02-02 11:34:02,ALM_3021,Vacuum Leak detected at Station 4,Auto_Error
2026-02-02 11:37:02,INF_200,Fault Reset by Operator,Manual
2026-02-02 11:37:43,INF_100,Cycle Started,Auto
2026-02-02 11:37:49,INF_101,Pallet Detected PX_101,Auto
2026-02-02 11:37:56,INF_105,Vacuum Engaged SOL_401,Auto
2026-02-02 11:38:08,INF_110,Pallet Lifted,Auto
2026-02-02 11:38:20,INF_120,Cycle Complete,Auto
2026-02-02 11:38:33,INF_100,Cycle Started,Auto
2026-02-02 11:38:41,INF_101,Pallet Detected PX_101,Auto
2026-02-02 11:38:48,INF_105,Vacuum Engaged SOL_401,Auto
2026-02-02 11:38:55,INF_110,Pallet Lifted,Auto
2026-02-02 11:39:09,INF_120,Cycle Complete,Auto
2026-02-02 11:39:15,INF_100,Cycle Started,Auto
2026-02-02 11:39:27,INF_101,Pallet Detected PX_101,Auto
2026-02-02 11:39:35,INF_105,Vacuum Engaged SOL_401,Auto
2026-02-02 11:39:48,INF_110,Pallet Lifted,Auto
2026-02-02 11:40:02,ERR_9000,Emergency Stop Triggered,Emergency_Stop
2026-02-02 11:43:02,INF_200,Fault Reset by Operator,Manual
2026-02-02 11:43:41,INF_100,Cycle Started,Auto
2026-02-02 11:43:54,INF_101,Pallet Detected PX_101,Auto
2026-02-02 11:44:06,INF_105,Vacuum Engaged SOL_401,Auto
2026-02-02 11:44:11,INF_110,Pallet Lifted,Auto
2026-02-02 11:44:19,INF_120,Cycle Complete,Auto
2026-02-02 11:44:33,INF_100,Cycle Started,Auto
2026-02-02 11:44:39,INF_101,Pallet Detected PX_101,Auto
2026-02-02 11:44:47,INF_105,Vacuum Engaged SOL_401,Auto
2026-02-02 11:44:52,INF_110,Pallet Lifted,Auto
2026-02-02 11:45:00,INF_120,Cycle Complete,Auto
2026-02-02 11:45:15,INF_100,Cycle Started,Auto
2026-02-02 11:45:24,INF_101,Pallet Detected PX_101,Auto
2026-02-02 11:45:34,INF_105,Vacuum Engaged SOL_401,Auto
2026-02-02 11:45:40,INF_110,Pallet Lifted,Auto
2026-02-02 11:45:51,INF_120,Cycle Complete,Auto
2026-02-02 11:45:57,INF_100,Cycle Started,Auto
2026-02-02 11:46:10,FLT_2005,Conveyor Motor MTR_405 Overload,Auto_Error
2026-02-02 11:51:10,INF_200,Fault Reset by Operator,Manual
2026-02-02 11:51:48,INF_100,Cycle Started,Auto
2026-02-02 11:51:55,INF_101,Pallet Detected PX_101,Auto
2026-02-02 11:52:10,INF_105,Vacuum Engaged SOL_401,Auto
2026-02-02 11:52:19,INF_110,Pallet Lifted,Auto
2026-02-02 11:52:25,INF_120,Cycle Complete,Auto
2026-02-02 11:52:34,INF_100,Cycle Started,Auto
2026-02-02 11:52:49,INF_101,Pallet Detected PX_101,Auto
2026-02-02 11:53:01,INF_105,Vacuum Engaged SOL_401,Auto
2026-02-02 11:53:16,INF_110,Pallet Lifted,Auto
2026-02-02 11:53:27,INF_120,Cycle Complete,Auto
2026-02-02 11:53:37,INF_100,Cycle Started,Auto
2026-02-02 11:53:46,INF_101,Pallet Detected PX_101,Auto
2026-02-02 11:53:57,INF_105,Vacuum Engaged SOL_401,Auto
2026-02-02 11:54:04,INF_110,Pallet Lifted,Auto
2026-02-02 11:54:12,INF_120,Cycle Complete,Auto
2026-02-02 11:54:25,INF_100,Cycle Started,Auto
2026-02-02 11:54:40,INF_101,Pallet Detected PX_101,Auto
2026-02-02 11:54:55,INF_105,Vacuum Engaged SOL_401,Auto
2026-02-02 11:55:10,INF_110,Pallet Lifted,Auto
2026-02-02 11:55:20,INF_120,Cycle Complete,Auto
2026-02-02 11:55:33,INF_100,Cycle Started,Auto
2026-02-02 11:55:46,INF_101,Pallet Detected PX_101,Auto
2026-02-02 11:55:58,INF_105,Vacuum Engaged SOL_401,Auto
2026-02-02 11:56:13,INF_110,Pallet Lifted,Auto
2026-02-02 11:56:23,INF_120,Cycle Complete,Auto
2026-02-02 11:56:32,INF_100,Cycle Started,Auto
2026-02-02 11:56:43,INF_101,Pallet Detected PX_101,Auto
2026-02-02 11:56:52,INF_105,Vacuum Engaged SOL_401,Auto
2026-02-02 11:57:02,INF_110,Pallet Lifted,Auto
2026-02-02 11:57:13,INF_120,Cycle Complete,Auto
2026-02-02 11:57:18,INF_100,Cycle Started,Auto
2026-02-02 11:57:25,INF_101,Pallet Detected PX_101,Auto
2026-02-02 11:57:40,INF_105,Vacuum Engaged SOL_401,Auto
2026-02-02 11:57:55,INF_110,Pallet Lifted,Auto
2026-02-02 11:58:06,INF_120,Cycle Complete,Auto
2026-02-02 11:58:13,INF_100,Cycle Started,Auto
2026-02-02 11:58:19,INF_101,Pallet Detected PX_101,Auto
2026-02-02 11:58:27,INF_105,Vacuum Engaged SOL_401,Auto
2026-02-02 11:58:36,INF_110,Pallet Lifted,Auto
2026-02-02 11:58:41,INF_120,Cycle Complete,Auto
2026-02-02 11:58:52,INF_100,Cycle Started,Auto
2026-02-02 11:59:07,INF_101,Pallet Detected PX_101,Auto
2026-02-02 11:59:21,INF_105,Vacuum Engaged SOL_401,Auto
2026-02-02 11:59:28,INF_110,Pallet Lifted,Auto
2026-02-02 11:59:34,INF_120,Cycle Complete,Auto
2026-02-02 11:59:42,INF_100,Cycle Started,Auto
2026-02-02 11:59:53,INF_101,Pallet Detected PX_101,Auto
2026-02-02 12:00:05,INF_105,Vacuum Engaged SOL_401,Auto
2026-02-02 12:00:17,INF_110,Pallet Lifted,Auto
2026-02-02 12:00:29,INF_120,Cycle Complete,Auto
2026-02-02 12:00:44,INF_100,Cycle Started,Auto
2026-02-02 12:00:59,INF_101,Pallet Detected PX_101,Auto
2026-02-02 12:01:13,INF_105,Vacuum Engaged SOL_401,Auto
2026-02-02 12:01:22,INF_110,Pallet Lifted,Auto
2026-02-02 12:01:29,INF_120,Cycle Complete,Auto
2026-02-02 12:01:38,INF_100,Cycle Started,Auto
2026-02-02 12:01:44,INF_101,Pallet Detected PX_101,Auto
2026-02-02 12:01:50,INF_105,Vacuum Engaged SOL_401,Auto
2026-02-02 12:01:56,INF_110,Pallet Lifted,Auto
2026-02-02 12:02:04,INF_120,Cycle Complete,Auto
2026-02-02 12:02:18,INF_100,Cycle Started,Auto
2026-02-02 12:02:26,INF_101,Pallet Detected PX_101,Auto
2026-02-02 12:02:35,INF_105,Vacuum Engaged SOL_401,Auto
2026-02-02 12:02:43,INF_110,Pallet Lifted,Auto
2026-02-02 12:02:53,INF_120,Cycle Complete,Auto
2026-02-02 12:02:59,INF_100,Cycle Started,Auto
2026-02-02 12:03:06,INF_101,Pallet Detected PX_101,Auto
2026-02-02 12:03:12,INF_105,Vacuum Engaged SOL_401,Auto
2026-02-02 12:03:22,INF_110,Pallet Lifted,Auto
2026-02-02 12:03:36,INF_120,Cycle Complete,Auto
2026-02-02 12:03:47,INF_100,Cycle Started,Auto
2026-02-02 12:03:56,INF_101,Pallet Detected PX_101,Auto
2026-02-02 12:04:04,INF_105,Vacuum Engaged SOL_401,Auto
2026-02-02 12:04:11,INF_110,Pallet Lifted,Auto
2026-02-02 12:04:17,INF_120,Cycle Complete,Auto
2026-02-02 12:04:29,INF_100,Cycle Started,Auto
2026-02-02 12:04:40,INF_101,Pallet Detected PX_101,Auto
2026-02-02 12:04:55,ERR_9000,Emergency Stop Triggered,Emergency_Stop
2026-02-02 12:08:55,INF_200,Fault Reset by Operator,Manual
2026-02-02 12:09:34,INF_100,Cycle Started,Auto
2026-02-02 12:09:45,INF_101,Pallet Detected PX_101,Auto
2026-02-02 12:10:00,INF_105,Vacuum Engaged SOL_401,Auto
2026-02-02 12:10:10,INF_110,Pallet Lifted,Auto
2026-02-02 12:10:20,INF_120,Cycle Complete,Auto
2026-02-02 12:10:25,INF_100,Cycle Started,Auto
2026-02-02 12:10:37,INF_101,Pallet Detected PX_101,Auto
2026-02-02 12:10:48,INF_105,Vacuum Engaged SOL_401,Auto
2026-02-02 12:11:03,INF_110,Pallet Lifted,Auto
2026-02-02 12:11:14,INF_120,Cycle Complete,Auto
2026-02-02 12:11:25,INF_100,Cycle Started,Auto
2026-02-02 12:11:34,INF_101,Pallet Detected PX_101,Auto
2026-02-02 12:11:47,ERR_9000,Emergency Stop Triggered,Emergency_Stop
2026-02-02 12:16:47,INF_200,Fault Reset by Operator,Manual
2026-02-02 12:17:24,INF_100,Cycle Started,Auto
2026-02-02 12:17:33,INF_101,Pallet Detected PX_101,Auto
2026-02-02 12:17:44,INF_105,Vacuum Engaged SOL_401,Auto
2026-02-02 12:17:53,INF_110,Pallet Lifted,Auto
2026-02-02 12:18:06,INF_120,Cycle Complete,Auto
2026-02-02 12:18:19,INF_100,Cycle Started,Auto
2026-02-02 12:18:33,INF_101,Pallet Detected PX_101,Auto
2026-02-02 12:18:44,INF_105,Vacuum Engaged SOL_401,Auto
2026-02-02 12:18:58,INF_110,Pallet Lifted,Auto
2026-02-02 12:19:05,INF_120,Cycle Complete,Auto
2026-02-02 12:19:15,INF_100,Cycle Started,Auto
2026-02-02 12:19:29,INF_101,Pallet Detected PX_101,Auto
2026-02-02 12:19:35,INF_105,Vacuum Engaged SOL_401,Auto
2026-02-02 12:19:48,INF_110,Pallet Lifted,Auto
2026-02-02 12:20:00,INF_120,Cycle Complete,Auto
2026-02-02 12:20:09,ERR_9000,Emergency Stop Triggered,Emergency_Stop
2026-02-02 12:24:09,INF_200,Fault Reset by Operator,Manual
2026-02-02 12:24:46,INF_100,Cycle Started,Auto
2026-02-02 12:24:57,INF_101,Pallet Detected PX_101,Auto
2026-02-02 12:25:12,INF_105,Vacuum Engaged SOL_401,Auto
2026-02-02 12:25:21,INF_110,Pallet Lifted,Auto
2026-02-02 12:25:31,INF_120,Cycle Complete,Auto
2026-02-02 12:25:40,INF_100,Cycle Started,Auto
2026-02-02 12:25:54,INF_101,Pallet Detected PX_101,Auto
2026-02-02 12:26:00,INF_105,Vacuum Engaged SOL_401,Auto
2026-02-02 12:26:15,INF_110,Pallet Lifted,Auto
2026-02-02 12:26:21,INF_120,Cycle Complete,Auto
2026-02-02 12:26:29,INF_100,Cycle Started,Auto
2026-02-02 12:26:41,INF_101,Pallet Detected PX_101,Auto
2026-02-02 12:26:54,INF_105,Vacuum Engaged SOL_401,Auto
2026-02-02 12:27:07,INF_110,Pallet Lifted,Auto
2026-02-02 12:27:13,INF_120,Cycle Complete,Auto
2026-02-02 12:27:26,INF_100,Cycle Started,Auto
2026-02-02 12:27:37,INF_101,Pallet Detected PX_101,Auto
2026-02-02 12:27:52,INF_105,Vacuum Engaged SOL_401,Auto
2026-02-02 12:28:05,INF_110,Pallet Lifted,Auto
2026-02-02 12:28:14,INF_120,Cycle Complete,Auto
2026-02-02 12:28:22,ERR_4040,Safety Gate Opened during Cycle,Auto_Error
2026-02-02 12:32:22,INF_200,Fault Reset by Operator,Manual
2026-02-02 12:32:58,INF_100,Cycle Started,Auto
2026-02-02 12:33:08,INF_101,Pallet Detected PX_101,Auto
2026-02-02 12:33:20,INF_105,Vacuum Engaged SOL_401,Auto
2026-02-02 12:33:26,INF_110,Pallet Lifted,Auto
2026-02-02 12:33:41,INF_120,Cycle Complete,Auto
2026-02-02 12:33:56,INF_100,Cycle Started,Auto
2026-02-02 12:34:05,INF_101,Pallet Detected PX_101,Auto
2026-02-02 12:34:11,INF_105,Vacuum Engaged SOL_401,Auto
2026-02-02 12:34:25,INF_110,Pallet Lifted,Auto
2026-02-02 12:34:38,INF_120,Cycle Complete,Auto
2026-02-02 12:34:48,INF_100,Cycle Started,Auto
2026-02-02 12:34:53,INF_101,Pallet Detected PX_101,Auto
2026-02-02 12:35:08,INF_105,Vacuum Engaged SOL_401,Auto
2026-02-02 12:35:22,INF_110,Pallet Lifted,Auto
2026-02-02 12:35:31,INF_120,Cycle Complete,Auto
2026-02-02 12:35:41,INF_100,Cycle Started,Auto
2026-02-02 12:35:54,INF_101,Pallet Detected PX_101,Auto
2026-02-02 12:36:04,INF_105,Vacuum Engaged SOL_401,Auto
2026-02-02 12:36:17,INF_110,Pallet Lifted,Auto
2026-02-02 12:36:30,INF_120,Cycle Complete,Auto
2026-02-02 12:36:45,INF_100,Cycle Started,Auto
2026-02-02 12:36:50,INF_101,Pallet Detected PX_101,Auto
2026-02-02 12:36:57,INF_105,Vacuum Engaged SOL_401,Auto
2026-02-02 12:37:04,INF_110,Pallet Lifted,Auto
2026-02-02 12:37:12,INF_120,Cycle Complete,Auto
2026-02-02 12:37:19,INF_100,Cycle Started,Auto
2026-02-02 12:37:26,INF_101,Pallet Detected PX_101,Auto
2026-02-02 12:37:36,INF_105,Vacuum Engaged SOL_401,Auto
2026-02-02 12:37:51,INF_110,Pallet Lifted,Auto
2026-02-02 12:38:02,INF_120,Cycle Complete,Auto
2026-02-02 12:38:13,INF_100,Cycle Started,Auto
2026-02-02 12:38:23,INF_101,Pallet Detected PX_101,Auto
2026-02-02 12:38:32,INF_105,Vacuum Engaged SOL_401,Auto
2026-02-02 12:38:39,INF_110,Pallet Lifted,Auto
2026-02-02 12:38:51,INF_120,Cycle Complete,Auto
2026-02-02 12:39:06,INF_100,Cycle Started,Auto
2026-02-02 12:39:12,INF_101,Pallet Detected PX_101,Auto
2026-02-02 12:39:23,INF_105,Vacuum Engaged SOL_401,Auto
2026-02-02 12:39:36,INF_110,Pallet Lifted,Auto
2026-02-02 12:39:50,INF_120,Cycle Complete,Auto
2026-02-02 12:39:56,INF_100,Cycle Started,Auto
2026-02-02 12:40:08,INF_101,Pallet Detected PX_101,Auto
2026-02-02 12:40:13,INF_105,Vacuum Engaged SOL_401,Auto
2026-02-02 12:40:20,INF_110,Pallet Lifted,Auto
2026-02-02 12:40:30,INF_120,Cycle Complete,Auto
2026-02-02 12:40:39,INF_100,Cycle Started,Auto
2026-02-02 12:40:49,INF_101,Pallet Detected PX_101,Auto
2026-02-02 12:41:02,INF_105,Vacuum Engaged SOL_401,Auto
2026-02-02 12:41:07,INF_110,Pallet Lifted,Auto
2026-02-02 12:41:17,ERR_9000,Emergency Stop Triggered,Emergency_Stop
2026-02-02 12:43:17,INF_200,Fault Reset by Operator,Manual
2026-02-02 12:43:57,INF_100,Cycle Started,Auto
2026-02-02 12:44:09,INF_101,Pallet Detected PX_101,Auto
2026-02-02 12:44:19,INF_105,Vacuum Engaged SOL_401,Auto
2026-02-02 12:44:31,INF_110,Pallet Lifted,Auto
2026-02-02 12:44:42,INF_120,Cycle Complete,Auto
2026-02-02 12:44:57,INF_100,Cycle Started,Auto
2026-02-02 12:45:02,INF_101,Pallet Detected PX_101,Auto
2026-02-02 12:45:15,INF_105,Vacuum Engaged SOL_401,Auto
2026-02-02 12:45:25,INF_110,Pallet Lifted,Auto
2026-02-02 12:45:37,INF_120,Cycle Complete,Auto
2026-02-02 12:45:45,INF_100,Cycle Started,Auto
2026-02-02 12:45:50,INF_101,Pallet Detected PX_101,Auto
2026-02-02 12:45:59,INF_105,Vacuum Engaged SOL_401,Auto
2026-02-02 12:46:04,INF_110,Pallet Lifted,Auto
2026-02-02 12:46:13,INF_120,Cycle Complete,Auto
2026-02-02 12:46:21,INF_100,Cycle Started,Auto
2026-02-02 12:46:28,INF_101,Pallet Detected PX_101,Auto
2026-02-02 12:46:43,INF_105,Vacuum Engaged SOL_401,Auto
2026-02-02 12:46:58,INF_110,Pallet Lifted,Auto
2026-02-02 12:47:12,INF_120,Cycle Complete,Auto
2026-02-02 12:47:19,FLT_2005,Conveyor Motor MTR_405 Overload,Auto_Error
2026-02-02 12:52:19,INF_200,Fault Reset by Operator,Manual
2026-02-02 12:52:55,INF_100,Cycle Started,Auto
2026-02-02 12:53:03,INF_101,Pallet Detected PX_101,Auto
2026-02-02 12:53:08,INF_105,Vacuum Engaged SOL_401,Auto
2026-02-02 12:53:14,INF_110,Pallet Lifted,Auto
2026-02-02 12:53:20,ALM_3021,Vacuum Leak detected at Station 4,Auto_Error
2026-02-02 12:57:20,INF_200,Fault Reset by Operator,Manual
2026-02-02 12:58:00,INF_100,Cycle Started,Auto
2026-02-02 12:58:06,INF_101,Pallet Detected PX_101,Auto
2026-02-02 12:58:21,INF_105,Vacuum Engaged SOL_401,Auto
2026-02-02 12:58:33,INF_110,Pallet Lifted,Auto
2026-02-02 12:58:41,ALM_3021,Vacuum Leak detected at Station 4,Auto_Error
2026-02-02 13:00:41,INF_200,Fault Reset by Operator,Manual
2026-02-02 13:01:16,INF_100,Cycle Started,Auto
2026-02-02 13:01:26,INF_101,Pallet Detected PX_101,Auto
2026-02-02 13:01:37,INF_105,Vacuum Engaged SOL_401,Auto
2026-02-02 13:01:50,INF_110,Pallet Lifted,Auto
2026-02-02 13:01:59,INF_120,Cycle Complete,Auto
2026-02-02 13:02:04,INF_100,Cycle Started,Auto
2026-02-02 13:02:09,INF_101,Pallet Detected PX_101,Auto
2026-02-02 13:02:16,INF_105,Vacuum Engaged SOL_401,Auto
2026-02-02 13:02:29,INF_110,Pallet Lifted,Auto
2026-02-02 13:02:43,INF_120,Cycle Complete,Auto
2026-02-02 13:02:50,INF_100,Cycle Started,Auto
2026-02-02 13:02:56,INF_101,Pallet Detected PX_101,Auto
2026-02-02 13:03:11,INF_105,Vacuum Engaged SOL_401,Auto
2026-02-02 13:03:21,INF_110,Pallet Lifted,Auto
2026-02-02 13:03:30,INF_120,Cycle Complete,Auto
2026-02-02 13:03:45,INF_100,Cycle Started,Auto
2026-02-02 13:03:51,INF_101,Pallet Detected PX_101,Auto
2026-02-02 13:04:02,INF_105,Vacuum Engaged SOL_401,Auto
2026-02-02 13:04:10,INF_110,Pallet Lifted,Auto
2026-02-02 13:04:15,INF_120,Cycle Complete,Auto
2026-02-02 13:04:28,INF_100,Cycle Started,Auto
2026-02-02 13:04:38,INF_101,Pallet Detected PX_101,Auto
2026-02-02 13:04:43,INF_105,Vacuum Engaged SOL_401,Auto
2026-02-02 13:04:54,INF_110,Pallet Lifted,Auto
2026-02-02 13:05:02,INF_120,Cycle Complete,Auto
2026-02-02 13:05:16,INF_100,Cycle Started,Auto
2026-02-02 13:05:29,INF_101,Pallet Detected PX_101,Auto
2026-02-02 13:05:36,INF_105,Vacuum Engaged SOL_401,Auto
2026-02-02 13:05:42,INF_110,Pallet Lifted,Auto
2026-02-02 13:05:49,INF_120,Cycle Complete,Auto
2026-02-02 13:05:58,INF_100,Cycle Started,Auto